Episode,TotalReward,FinalLoss
0,11.442424242423893,1.235410451889038
1,-14.339589442815175,1.568958044052124
